{
  "name": "The Future",
  "symbol": "FDROP",
  "description": "The Shapes",
  "externalUrl": "http://dropopolis.com",
  "properties": {
    "files": [
      {
        "type": "IMAGE",
        "uri": "http://blockchain54.com/dop_assets/44.png"
      }
    ],
    "creators": [
      {
        "address": "G3rsKbhnAhxrbDFYpvBEGcrtyhpoUggtVosQRKPn8tAa",
        "share": 100
      }
    ]
  },
  "attributes": [
    {
      "name": "background",
      "value": "transparent"
    },
    {
      "name": "environment",
      "value": "future city"
    }
  ],
  "mint": "TST32LiaGNVeUwVid7ssRMgibtRjuGmZaEYT8W8S4PGr"
}