[
  {
    "name": "The Future Store",
    "symbol": "FDROP2",
    "uri": "http://blockchain54.com/dop_assets/44.json",
    "price":  25900000
  },
  {
    "name": "Capa Store",
    "symbol": "CAPA",
    "uri": "http://blockchain54.com/dop_assets/capa.json",
    "price": 1980000
  },
  {
    "name": "Warning Wall Store",
    "symbol": "WAWL",
    "uri": "http://blockchain54.com/dop_assets/WarningWall.json",
    "price": 290000
  },
  {
    "name": "The Spiral Store",
    "symbol": "SPRL",
    "uri": "http://blockchain54.com/dop_assets/spiral.json",
    "price": 4720000
  },
  {
    "name": "Safe Wall Store",
    "symbol": "SFWL",
    "uri": "http://blockchain54.com/dop_assets/SafeWall.json",
    "price": 1967000
  },
  {
    "name": "The Flow Store",
    "symbol": "FLOW",
    "uri": "http://blockchain54.com/dop_assets/Flow.json",
    "price": 178000
  },
  {
    "name": "Cuboid Store",
    "symbol": "CUBD",
    "uri": "http://blockchain54.com/dop_assets/cuboid.json",
    "price": 1193000
  }
]