{
  "name": "Capa",
  "symbol": "CAPA",
  "description": "Look to the Stars",
  "externalUrl": "http://dropopolis.com",
  "properties": {
    "files": [
      {
        "type": "IMAGE",
        "uri": "http://blockchain54.com/dop_assets/Capa-2.jpg"
      }
    ],
    "creators": [
      {
        "address": "G3rsKbhnAhxrbDFYpvBEGcrtyhpoUggtVosQRKPn8tAa",
        "share": 100
      }
    ]
  },
  "attributes": [
    {
      "name": "style",
      "value": "spiral"
    },
    {
      "name": "environment",
      "value": "tunnel"
    }
  ]
}