{
  "name": "The Flow",
  "symbol": "FLOW",
  "description": "Moving slowly",
  "externalUrl": "http://dropopolis.com",
  "properties": {
    "files": [
      {
        "type": "IMAGE",
        "uri": "https://github.com/crcnum4/my-assets/raw/main/Flow.jpg"
      }
    ],
    "creators": [
      {
        "address": "G3rsKbhnAhxrbDFYpvBEGcrtyhpoUggtVosQRKPn8tAa",
        "share": 100
      }
    ]
  },
  "attributes": [
    {
      "name": "style",
      "value": "spiral"
    },
    {
      "name": "environment",
      "value": "tunnel"
    }
  ]
}